{
    "dataset": "Adult Census Income",
    "model": "xgboost",
    "seed": 51,
    "metrics": {
        "acc": 0.8734902763561925,
        "auprc": 0.824965117136975,
        "auroc": 0.9244144342408523,
        "train_time": 0.3638603687286377,
        "inference_time": 0.007463693618774414
    },
    "config": {
        "colsample_bytree": 0.6093941997991286,
        "gamma": 0.00015491522291756653,
        "learning_rate": 0.15688225878527828,
        "max_depth": 6,
        "min_child_weight": 5,
        "n_estimators": 1265,
        "subsample": 0.9968526329456286
    }
}