{
    "dataset": "Adult Census Income",
    "model": "xgboost",
    "seed": 49,
    "metrics": {
        "acc": 0.8671443193449335,
        "auprc": 0.8181671349423052,
        "auroc": 0.9250660220386537,
        "train_time": 0.7839891910552979,
        "inference_time": 0.006580352783203125
    },
    "config": {
        "colsample_bytree": 0.6093941997991286,
        "gamma": 0.00015491522291756653,
        "learning_rate": 0.15688225878527828,
        "max_depth": 6,
        "min_child_weight": 5,
        "n_estimators": 1265,
        "subsample": 0.9968526329456286
    }
}