{
    "dataset": "Adult Census Income",
    "model": "xgboost",
    "seed": 53,
    "metrics": {
        "acc": 0.8771750255885363,
        "auprc": 0.8322541159554475,
        "auroc": 0.929346750141114,
        "train_time": 0.22276663780212402,
        "inference_time": 0.005612611770629883
    },
    "config": {
        "colsample_bytree": 0.6093941997991286,
        "gamma": 0.00015491522291756653,
        "learning_rate": 0.15688225878527828,
        "max_depth": 6,
        "min_child_weight": 5,
        "n_estimators": 1265,
        "subsample": 0.9968526329456286
    }
}