{
    "dataset": "Adult Census Income",
    "model": "catboost",
    "seed": 47,
    "metrics": {
        "acc": 0.8628454452405322,
        "auprc": 0.8117244518462764,
        "auroc": 0.9219322772262641,
        "train_time": 7.19910192489624,
        "inference_time": 0.009270668029785156
    },
    "config": {
        "colsample_bylevel": 0.9186536013075917,
        "learning_rate": 0.040631083639141474,
        "max_depth": 6,
        "min_data_in_leaf": 6,
        "n_estimators": 640,
        "subsample": 0.9643800455402485
    }
}