{
    "dataset": "Adult Census Income",
    "model": "xgboost",
    "seed": 47,
    "metrics": {
        "acc": 0.8632548618219038,
        "auprc": 0.8138292507336952,
        "auroc": 0.9232339565064858,
        "train_time": 0.4176928997039795,
        "inference_time": 0.014421939849853516
    },
    "config": {
        "colsample_bytree": 0.6093941997991286,
        "gamma": 0.00015491522291756653,
        "learning_rate": 0.15688225878527828,
        "max_depth": 6,
        "min_child_weight": 5,
        "n_estimators": 1265,
        "subsample": 0.9968526329456286
    }
}