{
    "dataset": "Adult Census Income",
    "model": "catboost",
    "seed": 49,
    "metrics": {
        "acc": 0.8646878198567042,
        "auprc": 0.8164501575603863,
        "auroc": 0.9243776018622452,
        "train_time": 7.886151552200317,
        "inference_time": 0.005935192108154297
    },
    "config": {
        "colsample_bylevel": 0.9186536013075917,
        "learning_rate": 0.040631083639141474,
        "max_depth": 6,
        "min_data_in_leaf": 6,
        "n_estimators": 640,
        "subsample": 0.9643800455402485
    }
}