{
    "dataset": "Adult Census Income",
    "model": "xgboost",
    "seed": 43,
    "metrics": {
        "acc": 0.8794268167860798,
        "auprc": 0.8331184191924722,
        "auroc": 0.9309011916195288,
        "train_time": 0.7911484241485596,
        "inference_time": 0.008722782135009766
    },
    "config": {
        "colsample_bytree": 0.6093941997991286,
        "gamma": 0.00015491522291756653,
        "learning_rate": 0.15688225878527828,
        "max_depth": 6,
        "min_child_weight": 5,
        "n_estimators": 1265,
        "subsample": 0.9968526329456286
    }
}