{
    "dataset": "Adult Census Income",
    "model": "xgboost",
    "seed": 45,
    "metrics": {
        "acc": 0.8775844421699078,
        "auprc": 0.8338345641441403,
        "auroc": 0.9316677654992951,
        "train_time": 0.5844166278839111,
        "inference_time": 0.007513999938964844
    },
    "config": {
        "colsample_bytree": 0.6093941997991286,
        "gamma": 0.00015491522291756653,
        "learning_rate": 0.15688225878527828,
        "max_depth": 6,
        "min_child_weight": 5,
        "n_estimators": 1265,
        "subsample": 0.9968526329456286
    }
}