{
    "dataset": "Adult Census Income",
    "model": "xgboost",
    "seed": 48,
    "metrics": {
        "acc": 0.878403275332651,
        "auprc": 0.8403582560109587,
        "auroc": 0.9343495079654623,
        "train_time": 0.5462725162506104,
        "inference_time": 0.016129016876220703
    },
    "config": {
        "colsample_bytree": 0.6093941997991286,
        "gamma": 0.00015491522291756653,
        "learning_rate": 0.15688225878527828,
        "max_depth": 6,
        "min_child_weight": 5,
        "n_estimators": 1265,
        "subsample": 0.9968526329456286
    }
}