{
    "dataset": "Adult Census Income",
    "model": "xgboost",
    "seed": 52,
    "metrics": {
        "acc": 0.8771750255885363,
        "auprc": 0.8381275265414369,
        "auroc": 0.9311340413130373,
        "train_time": 0.5322520732879639,
        "inference_time": 0.007281780242919922
    },
    "config": {
        "colsample_bytree": 0.6093941997991286,
        "gamma": 0.00015491522291756653,
        "learning_rate": 0.15688225878527828,
        "max_depth": 6,
        "min_child_weight": 5,
        "n_estimators": 1265,
        "subsample": 0.9968526329456286
    }
}