{
    "dataset": "Adult Census Income",
    "model": "catboost",
    "seed": 50,
    "metrics": {
        "acc": 0.8659160696008188,
        "auprc": 0.8119464045799998,
        "auroc": 0.9213339812762603,
        "train_time": 7.731601715087891,
        "inference_time": 0.00815272331237793
    },
    "config": {
        "colsample_bylevel": 0.9186536013075917,
        "learning_rate": 0.040631083639141474,
        "max_depth": 6,
        "min_data_in_leaf": 6,
        "n_estimators": 640,
        "subsample": 0.9643800455402485
    }
}