{
    "dataset": "Adult Census Income",
    "model": "xgboost",
    "seed": 56,
    "metrics": {
        "acc": 0.8751279426816786,
        "auprc": 0.8294567323716725,
        "auroc": 0.9272652603450642,
        "train_time": 0.2218947410583496,
        "inference_time": 0.006947994232177734
    },
    "config": {
        "colsample_bytree": 0.6093941997991286,
        "gamma": 0.00015491522291756653,
        "learning_rate": 0.15688225878527828,
        "max_depth": 6,
        "min_child_weight": 5,
        "n_estimators": 1265,
        "subsample": 0.9968526329456286
    }
}