{
    "dataset": "Adult Census Income",
    "model": "catboost",
    "seed": 56,
    "metrics": {
        "acc": 0.8730808597748209,
        "auprc": 0.8288608245764791,
        "auroc": 0.9263179776077555,
        "train_time": 7.567466497421265,
        "inference_time": 0.01431131362915039
    },
    "config": {
        "colsample_bylevel": 0.9186536013075917,
        "learning_rate": 0.040631083639141474,
        "max_depth": 6,
        "min_data_in_leaf": 6,
        "n_estimators": 640,
        "subsample": 0.9643800455402485
    }
}