{
    "dataset": "Adult Census Income",
    "model": "catboost",
    "seed": 45,
    "metrics": {
        "acc": 0.8745138178096213,
        "auprc": 0.8316527645067286,
        "auroc": 0.9306030795551753,
        "train_time": 7.26885724067688,
        "inference_time": 0.007398366928100586
    },
    "config": {
        "colsample_bylevel": 0.9186536013075917,
        "learning_rate": 0.040631083639141474,
        "max_depth": 6,
        "min_data_in_leaf": 6,
        "n_estimators": 640,
        "subsample": 0.9643800455402485
    }
}