{
    "dataset": "Adult Census Income",
    "model": "catboost",
    "seed": 57,
    "metrics": {
        "acc": 0.8792221084953941,
        "auprc": 0.8358355684920329,
        "auroc": 0.9289936197112156,
        "train_time": 8.545084953308105,
        "inference_time": 0.025774240493774414
    },
    "config": {
        "colsample_bylevel": 0.9186536013075917,
        "learning_rate": 0.040631083639141474,
        "max_depth": 6,
        "min_data_in_leaf": 6,
        "n_estimators": 640,
        "subsample": 0.9643800455402485
    }
}