{
    "dataset": "Adult Census Income",
    "model": "xgboost",
    "seed": 57,
    "metrics": {
        "acc": 0.8827021494370522,
        "auprc": 0.8395871903461484,
        "auroc": 0.9314822223920605,
        "train_time": 0.25321245193481445,
        "inference_time": 0.008254766464233398
    },
    "config": {
        "colsample_bytree": 0.6093941997991286,
        "gamma": 0.00015491522291756653,
        "learning_rate": 0.15688225878527828,
        "max_depth": 6,
        "min_child_weight": 5,
        "n_estimators": 1265,
        "subsample": 0.9968526329456286
    }
}