{
    "dataset": "Adult Census Income",
    "model": "catboost",
    "seed": 44,
    "metrics": {
        "acc": 0.8685772773797339,
        "auprc": 0.8151587467552538,
        "auroc": 0.9220677513188292,
        "train_time": 8.238277673721313,
        "inference_time": 0.01381230354309082
    },
    "config": {
        "colsample_bylevel": 0.9186536013075917,
        "learning_rate": 0.040631083639141474,
        "max_depth": 6,
        "min_data_in_leaf": 6,
        "n_estimators": 640,
        "subsample": 0.9643800455402485
    }
}