{
    "dataset": "Allstate",
    "model": "xgboost",
    "seed": 53,
    "metrics": {
        "rmse": 1870.1164595442726,
        "train_time": 54.96537399291992,
        "inference_time": 0.20322537422180176
    },
    "config": {
        "colsample_bytree": 0.6224111940857786,
        "gamma": 0.00027107363547360206,
        "learning_rate": 0.023406607868880526,
        "max_depth": 7,
        "min_child_weight": 3,
        "n_estimators": 1901,
        "subsample": 0.9261308153999677
    }
}