{
    "dataset": "Allstate",
    "model": "xgboost",
    "seed": 48,
    "metrics": {
        "rmse": 1857.7291384861435,
        "train_time": 70.32878470420837,
        "inference_time": 0.16338133811950684
    },
    "config": {
        "colsample_bytree": 0.6224111940857786,
        "gamma": 0.00027107363547360206,
        "learning_rate": 0.023406607868880526,
        "max_depth": 7,
        "min_child_weight": 3,
        "n_estimators": 1901,
        "subsample": 0.9261308153999677
    }
}