{
    "dataset": "Allstate",
    "model": "xgboost",
    "seed": 47,
    "metrics": {
        "rmse": 1911.0119092569514,
        "train_time": 48.42891883850098,
        "inference_time": 0.19727778434753418
    },
    "config": {
        "colsample_bytree": 0.6224111940857786,
        "gamma": 0.00027107363547360206,
        "learning_rate": 0.023406607868880526,
        "max_depth": 7,
        "min_child_weight": 3,
        "n_estimators": 1901,
        "subsample": 0.9261308153999677
    }
}