{
    "dataset": "Allstate",
    "model": "catboost",
    "seed": 45,
    "metrics": {
        "rmse": 1888.1506656363651,
        "train_time": 10.168274879455566,
        "inference_time": 0.032942771911621094
    },
    "config": {
        "colsample_bylevel": 0.6714713711086703,
        "learning_rate": 0.16901574264074856,
        "max_depth": 6,
        "min_data_in_leaf": 38,
        "n_estimators": 1608,
        "subsample": 0.6853567437303938
    }
}