{
    "dataset": "Allstate",
    "model": "catboost",
    "seed": 57,
    "metrics": {
        "rmse": 1924.262304548696,
        "train_time": 12.925341844558716,
        "inference_time": 0.03624749183654785
    },
    "config": {
        "colsample_bylevel": 0.6714713711086703,
        "learning_rate": 0.16901574264074856,
        "max_depth": 6,
        "min_data_in_leaf": 38,
        "n_estimators": 1608,
        "subsample": 0.6853567437303938
    }
}