{
    "dataset": "Allstate",
    "model": "xgboost",
    "seed": 52,
    "metrics": {
        "rmse": 1896.6061222332835,
        "train_time": 55.11099410057068,
        "inference_time": 0.1655137538909912
    },
    "config": {
        "colsample_bytree": 0.6224111940857786,
        "gamma": 0.00027107363547360206,
        "learning_rate": 0.023406607868880526,
        "max_depth": 7,
        "min_child_weight": 3,
        "n_estimators": 1901,
        "subsample": 0.9261308153999677
    }
}