{
    "dataset": "Allstate",
    "model": "catboost",
    "seed": 56,
    "metrics": {
        "rmse": 1992.3363721574044,
        "train_time": 10.335102081298828,
        "inference_time": 0.015858888626098633
    },
    "config": {
        "colsample_bylevel": 0.6714713711086703,
        "learning_rate": 0.16901574264074856,
        "max_depth": 6,
        "min_data_in_leaf": 38,
        "n_estimators": 1608,
        "subsample": 0.6853567437303938
    }
}