{
    "dataset": "Allstate",
    "model": "xgboost",
    "seed": 57,
    "metrics": {
        "rmse": 1887.9480916026166,
        "train_time": 35.122718811035156,
        "inference_time": 0.16996383666992188
    },
    "config": {
        "colsample_bytree": 0.6224111940857786,
        "gamma": 0.00027107363547360206,
        "learning_rate": 0.023406607868880526,
        "max_depth": 7,
        "min_child_weight": 3,
        "n_estimators": 1901,
        "subsample": 0.9261308153999677
    }
}