{
    "dataset": "Allstate",
    "model": "catboost",
    "seed": 43,
    "metrics": {
        "rmse": 1819.5036479203861,
        "train_time": 12.101463794708252,
        "inference_time": 0.03573274612426758
    },
    "config": {
        "colsample_bylevel": 0.6714713711086703,
        "learning_rate": 0.16901574264074856,
        "max_depth": 6,
        "min_data_in_leaf": 38,
        "n_estimators": 1608,
        "subsample": 0.6853567437303938
    }
}