{
    "dataset": "Allstate",
    "model": "catboost",
    "seed": 46,
    "metrics": {
        "rmse": 1928.4330604639492,
        "train_time": 19.434040307998657,
        "inference_time": 0.022785186767578125
    },
    "config": {
        "colsample_bylevel": 0.6714713711086703,
        "learning_rate": 0.16901574264074856,
        "max_depth": 6,
        "min_data_in_leaf": 38,
        "n_estimators": 1608,
        "subsample": 0.6853567437303938
    }
}