{
    "dataset": "Allstate",
    "model": "catboost",
    "seed": 50,
    "metrics": {
        "rmse": 1870.0601206930382,
        "train_time": 11.141800165176392,
        "inference_time": 0.030354022979736328
    },
    "config": {
        "colsample_bylevel": 0.6714713711086703,
        "learning_rate": 0.16901574264074856,
        "max_depth": 6,
        "min_data_in_leaf": 38,
        "n_estimators": 1608,
        "subsample": 0.6853567437303938
    }
}