{
    "dataset": "Allstate",
    "model": "xgboost",
    "seed": 46,
    "metrics": {
        "rmse": 1898.6458425776548,
        "train_time": 80.4814465045929,
        "inference_time": 0.2385697364807129
    },
    "config": {
        "colsample_bytree": 0.6224111940857786,
        "gamma": 0.00027107363547360206,
        "learning_rate": 0.023406607868880526,
        "max_depth": 7,
        "min_child_weight": 3,
        "n_estimators": 1901,
        "subsample": 0.9261308153999677
    }
}