{
    "dataset": "Allstate",
    "model": "catboost",
    "seed": 54,
    "metrics": {
        "rmse": 1840.4599001737934,
        "train_time": 14.061614036560059,
        "inference_time": 0.035814762115478516
    },
    "config": {
        "colsample_bylevel": 0.6714713711086703,
        "learning_rate": 0.16901574264074856,
        "max_depth": 6,
        "min_data_in_leaf": 38,
        "n_estimators": 1608,
        "subsample": 0.6853567437303938
    }
}