{
    "dataset": "Allstate",
    "model": "xgboost",
    "seed": 51,
    "metrics": {
        "rmse": 1844.8616436588175,
        "train_time": 45.3785080909729,
        "inference_time": 0.13649320602416992
    },
    "config": {
        "colsample_bytree": 0.6224111940857786,
        "gamma": 0.00027107363547360206,
        "learning_rate": 0.023406607868880526,
        "max_depth": 7,
        "min_child_weight": 3,
        "n_estimators": 1901,
        "subsample": 0.9261308153999677
    }
}