{
    "dataset": "Allstate",
    "model": "catboost",
    "seed": 55,
    "metrics": {
        "rmse": 1856.0605160559646,
        "train_time": 17.04569911956787,
        "inference_time": 0.026733875274658203
    },
    "config": {
        "colsample_bylevel": 0.6714713711086703,
        "learning_rate": 0.16901574264074856,
        "max_depth": 6,
        "min_data_in_leaf": 38,
        "n_estimators": 1608,
        "subsample": 0.6853567437303938
    }
}