{
    "dataset": "BNP Paribas",
    "model": "xgboost",
    "seed": 48,
    "metrics": {
        "acc": 0.7830840549287151,
        "auprc": 0.9047239280057351,
        "auroc": 0.7553497615028122,
        "train_time": 15.141273498535156,
        "inference_time": 0.056349992752075195
    },
    "config": {
        "colsample_bytree": 0.6790432161208477,
        "gamma": 4.732497196619989e-05,
        "learning_rate": 0.022876095295611295,
        "max_depth": 6,
        "min_child_weight": 1,
        "n_estimators": 2000,
        "subsample": 0.9992459769403464
    }
}