{
    "dataset": "BNP Paribas",
    "model": "catboost",
    "seed": 49,
    "metrics": {
        "acc": 0.7867576314178256,
        "auprc": 0.9083198581963746,
        "auroc": 0.7670782547721535,
        "train_time": 148.92865824699402,
        "inference_time": 0.07895207405090332
    },
    "config": {
        "colsample_bylevel": 0.8506378873419668,
        "learning_rate": 0.023743889438112675,
        "max_depth": 10,
        "min_data_in_leaf": 23,
        "n_estimators": 1809,
        "subsample": 0.5563149115741901
    }
}