{
    "dataset": "BNP Paribas",
    "model": "xgboost",
    "seed": 46,
    "metrics": {
        "acc": 0.7794104784396046,
        "auprc": 0.9059899274986879,
        "auroc": 0.7569105259901538,
        "train_time": 14.69552993774414,
        "inference_time": 0.06475377082824707
    },
    "config": {
        "colsample_bytree": 0.6790432161208477,
        "gamma": 4.732497196619989e-05,
        "learning_rate": 0.022876095295611295,
        "max_depth": 6,
        "min_child_weight": 1,
        "n_estimators": 2000,
        "subsample": 0.9992459769403464
    }
}