{
    "dataset": "BNP Paribas",
    "model": "xgboost",
    "seed": 50,
    "metrics": {
        "acc": 0.7815971311116943,
        "auprc": 0.9009889569423972,
        "auroc": 0.7473777515142561,
        "train_time": 13.339874505996704,
        "inference_time": 0.08394122123718262
    },
    "config": {
        "colsample_bytree": 0.6790432161208477,
        "gamma": 4.732497196619989e-05,
        "learning_rate": 0.022876095295611295,
        "max_depth": 6,
        "min_child_weight": 1,
        "n_estimators": 2000,
        "subsample": 0.9992459769403464
    }
}