{
    "dataset": "BNP Paribas",
    "model": "xgboost",
    "seed": 57,
    "metrics": {
        "acc": 0.783958715997551,
        "auprc": 0.9024413994227021,
        "auroc": 0.7533624041897051,
        "train_time": 11.225692987442017,
        "inference_time": 0.08337759971618652
    },
    "config": {
        "colsample_bytree": 0.6790432161208477,
        "gamma": 4.732497196619989e-05,
        "learning_rate": 0.022876095295611295,
        "max_depth": 6,
        "min_child_weight": 1,
        "n_estimators": 2000,
        "subsample": 0.9992459769403464
    }
}