{
    "dataset": "BNP Paribas",
    "model": "xgboost",
    "seed": 56,
    "metrics": {
        "acc": 0.7810723344703927,
        "auprc": 0.903369045042675,
        "auroc": 0.7523144938863656,
        "train_time": 10.009276866912842,
        "inference_time": 0.05183267593383789
    },
    "config": {
        "colsample_bytree": 0.6790432161208477,
        "gamma": 4.732497196619989e-05,
        "learning_rate": 0.022876095295611295,
        "max_depth": 6,
        "min_child_weight": 1,
        "n_estimators": 2000,
        "subsample": 0.9992459769403464
    }
}