{
    "dataset": "BNP Paribas",
    "model": "catboost",
    "seed": 47,
    "metrics": {
        "acc": 0.7815096650048107,
        "auprc": 0.9033387791985819,
        "auroc": 0.7541455748280982,
        "train_time": 158.89753580093384,
        "inference_time": 0.0557093620300293
    },
    "config": {
        "colsample_bylevel": 0.8506378873419668,
        "learning_rate": 0.023743889438112675,
        "max_depth": 10,
        "min_data_in_leaf": 23,
        "n_estimators": 1809,
        "subsample": 0.5563149115741901
    }
}