{
    "dataset": "BNP Paribas",
    "model": "xgboost",
    "seed": 49,
    "metrics": {
        "acc": 0.7848333770663868,
        "auprc": 0.9067651287557145,
        "auroc": 0.7648540627858105,
        "train_time": 12.072701454162598,
        "inference_time": 0.07301092147827148
    },
    "config": {
        "colsample_bytree": 0.6790432161208477,
        "gamma": 4.732497196619989e-05,
        "learning_rate": 0.022876095295611295,
        "max_depth": 6,
        "min_child_weight": 1,
        "n_estimators": 2000,
        "subsample": 0.9992459769403464
    }
}