{
    "dataset": "BNP Paribas",
    "model": "catboost",
    "seed": 46,
    "metrics": {
        "acc": 0.7818595294323449,
        "auprc": 0.9066333685228926,
        "auroc": 0.7588580250420994,
        "train_time": 201.46958255767822,
        "inference_time": 0.06058931350708008
    },
    "config": {
        "colsample_bylevel": 0.8506378873419668,
        "learning_rate": 0.023743889438112675,
        "max_depth": 10,
        "min_data_in_leaf": 23,
        "n_estimators": 1809,
        "subsample": 0.5563149115741901
    }
}