{
    "dataset": "BNP Paribas",
    "model": "catboost",
    "seed": 54,
    "metrics": {
        "acc": 0.7879821569141957,
        "auprc": 0.909539102521785,
        "auroc": 0.7687681271962555,
        "train_time": 150.39094233512878,
        "inference_time": 0.050685882568359375
    },
    "config": {
        "colsample_bylevel": 0.8506378873419668,
        "learning_rate": 0.023743889438112675,
        "max_depth": 10,
        "min_data_in_leaf": 23,
        "n_estimators": 1809,
        "subsample": 0.5563149115741901
    }
}