{
    "dataset": "BNP Paribas",
    "model": "xgboost",
    "seed": 47,
    "metrics": {
        "acc": 0.7802851395084405,
        "auprc": 0.9010638738898632,
        "auroc": 0.7502887093373133,
        "train_time": 15.004327297210693,
        "inference_time": 0.04712200164794922
    },
    "config": {
        "colsample_bytree": 0.6790432161208477,
        "gamma": 4.732497196619989e-05,
        "learning_rate": 0.022876095295611295,
        "max_depth": 6,
        "min_child_weight": 1,
        "n_estimators": 2000,
        "subsample": 0.9992459769403464
    }
}