{
    "dataset": "BNP Paribas",
    "model": "xgboost",
    "seed": 43,
    "metrics": {
        "acc": 0.7823843260736465,
        "auprc": 0.9051119539670335,
        "auroc": 0.75920246018488,
        "train_time": 18.20243549346924,
        "inference_time": 0.0992581844329834
    },
    "config": {
        "colsample_bytree": 0.6790432161208477,
        "gamma": 4.732497196619989e-05,
        "learning_rate": 0.022876095295611295,
        "max_depth": 6,
        "min_child_weight": 1,
        "n_estimators": 2000,
        "subsample": 0.9992459769403464
    }
}