{
    "dataset": "BNP Paribas",
    "model": "catboost",
    "seed": 50,
    "metrics": {
        "acc": 0.7817720633254613,
        "auprc": 0.9027267697908843,
        "auroc": 0.7531421315288946,
        "train_time": 152.16351222991943,
        "inference_time": 0.045760393142700195
    },
    "config": {
        "colsample_bylevel": 0.8506378873419668,
        "learning_rate": 0.023743889438112675,
        "max_depth": 10,
        "min_data_in_leaf": 23,
        "n_estimators": 1809,
        "subsample": 0.5563149115741901
    }
}