{
    "dataset": "BNP Paribas",
    "model": "catboost",
    "seed": 45,
    "metrics": {
        "acc": 0.785620572028339,
        "auprc": 0.9073822139961634,
        "auroc": 0.7650316361795162,
        "train_time": 141.27480816841125,
        "inference_time": 0.039437055587768555
    },
    "config": {
        "colsample_bylevel": 0.8506378873419668,
        "learning_rate": 0.023743889438112675,
        "max_depth": 10,
        "min_data_in_leaf": 23,
        "n_estimators": 1809,
        "subsample": 0.5563149115741901
    }
}