{
    "dataset": "BNP Paribas",
    "model": "catboost",
    "seed": 53,
    "metrics": {
        "acc": 0.7871074958453599,
        "auprc": 0.9066503642228203,
        "auroc": 0.7622030464843288,
        "train_time": 126.05218553543091,
        "inference_time": 0.05184793472290039
    },
    "config": {
        "colsample_bylevel": 0.8506378873419668,
        "learning_rate": 0.023743889438112675,
        "max_depth": 10,
        "min_data_in_leaf": 23,
        "n_estimators": 1809,
        "subsample": 0.5563149115741901
    }
}