{
    "dataset": "BNP Paribas",
    "model": "xgboost",
    "seed": 44,
    "metrics": {
        "acc": 0.7836088515700166,
        "auprc": 0.9047952789479885,
        "auroc": 0.7595877426797799,
        "train_time": 14.78922700881958,
        "inference_time": 0.058019399642944336
    },
    "config": {
        "colsample_bytree": 0.6790432161208477,
        "gamma": 4.732497196619989e-05,
        "learning_rate": 0.022876095295611295,
        "max_depth": 6,
        "min_child_weight": 1,
        "n_estimators": 2000,
        "subsample": 0.9992459769403464
    }
}