{
    "dataset": "BNP Paribas",
    "model": "catboost",
    "seed": 48,
    "metrics": {
        "acc": 0.7857955042421062,
        "auprc": 0.9054502809910936,
        "auroc": 0.7593127964379256,
        "train_time": 132.00534915924072,
        "inference_time": 0.04684090614318848
    },
    "config": {
        "colsample_bylevel": 0.8506378873419668,
        "learning_rate": 0.023743889438112675,
        "max_depth": 10,
        "min_data_in_leaf": 23,
        "n_estimators": 1809,
        "subsample": 0.5563149115741901
    }
}