{
    "dataset": "BNP Paribas",
    "model": "xgboost",
    "seed": 54,
    "metrics": {
        "acc": 0.7840461821044346,
        "auprc": 0.9084328617277131,
        "auroc": 0.765799465385815,
        "train_time": 11.041382789611816,
        "inference_time": 0.0628516674041748
    },
    "config": {
        "colsample_bytree": 0.6790432161208477,
        "gamma": 4.732497196619989e-05,
        "learning_rate": 0.022876095295611295,
        "max_depth": 6,
        "min_child_weight": 1,
        "n_estimators": 2000,
        "subsample": 0.9992459769403464
    }
}