{
    "dataset": "BNP Paribas",
    "model": "catboost",
    "seed": 43,
    "metrics": {
        "acc": 0.7847459109595032,
        "auprc": 0.9053310061062981,
        "auroc": 0.7626900159475133,
        "train_time": 126.13259506225586,
        "inference_time": 0.04323434829711914
    },
    "config": {
        "colsample_bylevel": 0.8506378873419668,
        "learning_rate": 0.023743889438112675,
        "max_depth": 10,
        "min_data_in_leaf": 23,
        "n_estimators": 1809,
        "subsample": 0.5563149115741901
    }
}