{
    "dataset": "BNP Paribas",
    "model": "xgboost",
    "seed": 45,
    "metrics": {
        "acc": 0.7832589871424823,
        "auprc": 0.9070282530953825,
        "auroc": 0.7612337163009346,
        "train_time": 15.307689666748047,
        "inference_time": 0.08231759071350098
    },
    "config": {
        "colsample_bytree": 0.6790432161208477,
        "gamma": 4.732497196619989e-05,
        "learning_rate": 0.022876095295611295,
        "max_depth": 6,
        "min_child_weight": 1,
        "n_estimators": 2000,
        "subsample": 0.9992459769403464
    }
}