{
    "dataset": "BNP Paribas",
    "model": "catboost",
    "seed": 52,
    "metrics": {
        "acc": 0.784570978745736,
        "auprc": 0.9061701312486891,
        "auroc": 0.7606754270663267,
        "train_time": 139.34451293945312,
        "inference_time": 0.04822373390197754
    },
    "config": {
        "colsample_bylevel": 0.8506378873419668,
        "learning_rate": 0.023743889438112675,
        "max_depth": 10,
        "min_data_in_leaf": 23,
        "n_estimators": 1809,
        "subsample": 0.5563149115741901
    }
}