{
    "dataset": "BNP Paribas",
    "model": "xgboost",
    "seed": 51,
    "metrics": {
        "acc": 0.782909122714948,
        "auprc": 0.9071481332439197,
        "auroc": 0.7619807745971137,
        "train_time": 12.614886283874512,
        "inference_time": 0.07491230964660645
    },
    "config": {
        "colsample_bytree": 0.6790432161208477,
        "gamma": 4.732497196619989e-05,
        "learning_rate": 0.022876095295611295,
        "max_depth": 6,
        "min_child_weight": 1,
        "n_estimators": 2000,
        "subsample": 0.9992459769403464
    }
}