{
    "dataset": "BNP Paribas",
    "model": "xgboost",
    "seed": 52,
    "metrics": {
        "acc": 0.7829965888218315,
        "auprc": 0.906278840827087,
        "auroc": 0.7593958379894264,
        "train_time": 11.485048055648804,
        "inference_time": 0.16563105583190918
    },
    "config": {
        "colsample_bytree": 0.6790432161208477,
        "gamma": 4.732497196619989e-05,
        "learning_rate": 0.022876095295611295,
        "max_depth": 6,
        "min_child_weight": 1,
        "n_estimators": 2000,
        "subsample": 0.9992459769403464
    }
}