{
    "dataset": "California Housing",
    "model": "catboost",
    "seed": 47,
    "metrics": {
        "rmse": 0.42651863396200573,
        "train_time": 8.04314112663269,
        "inference_time": 0.0065233707427978516
    },
    "config": {
        "colsample_bylevel": 0.5924285336675056,
        "learning_rate": 0.08987773252482394,
        "max_depth": 7,
        "min_data_in_leaf": 18,
        "n_estimators": 1661,
        "subsample": 0.9668954203195427
    }
}