{
    "dataset": "California Housing",
    "model": "catboost",
    "seed": 51,
    "metrics": {
        "rmse": 0.43369894956010685,
        "train_time": 8.816744804382324,
        "inference_time": 0.010843038558959961
    },
    "config": {
        "colsample_bylevel": 0.5924285336675056,
        "learning_rate": 0.08987773252482394,
        "max_depth": 7,
        "min_data_in_leaf": 18,
        "n_estimators": 1661,
        "subsample": 0.9668954203195427
    }
}