{
    "dataset": "California Housing",
    "model": "catboost",
    "seed": 46,
    "metrics": {
        "rmse": 0.4415432948337325,
        "train_time": 10.165579557418823,
        "inference_time": 0.014756202697753906
    },
    "config": {
        "colsample_bylevel": 0.5924285336675056,
        "learning_rate": 0.08987773252482394,
        "max_depth": 7,
        "min_data_in_leaf": 18,
        "n_estimators": 1661,
        "subsample": 0.9668954203195427
    }
}