{
    "dataset": "California Housing",
    "model": "xgboost",
    "seed": 57,
    "metrics": {
        "rmse": 0.4689615070333403,
        "train_time": 5.504559755325317,
        "inference_time": 0.019080162048339844
    },
    "config": {
        "colsample_bytree": 0.7194187596868296,
        "gamma": 8.401409254080622e-07,
        "learning_rate": 0.031117137003535814,
        "max_depth": 6,
        "min_child_weight": 3,
        "n_estimators": 1994,
        "subsample": 0.8372635729119174
    }
}