{
    "dataset": "California Housing",
    "model": "catboost",
    "seed": 53,
    "metrics": {
        "rmse": 0.4309513985282084,
        "train_time": 10.019375324249268,
        "inference_time": 0.022455930709838867
    },
    "config": {
        "colsample_bylevel": 0.5924285336675056,
        "learning_rate": 0.08987773252482394,
        "max_depth": 7,
        "min_data_in_leaf": 18,
        "n_estimators": 1661,
        "subsample": 0.9668954203195427
    }
}