{
    "dataset": "California Housing",
    "model": "catboost",
    "seed": 57,
    "metrics": {
        "rmse": 0.46073483130314963,
        "train_time": 11.545867204666138,
        "inference_time": 0.024091482162475586
    },
    "config": {
        "colsample_bylevel": 0.5924285336675056,
        "learning_rate": 0.08987773252482394,
        "max_depth": 7,
        "min_data_in_leaf": 18,
        "n_estimators": 1661,
        "subsample": 0.9668954203195427
    }
}