{
    "dataset": "California Housing",
    "model": "catboost",
    "seed": 43,
    "metrics": {
        "rmse": 0.44747051862692033,
        "train_time": 13.900481939315796,
        "inference_time": 0.018187999725341797
    },
    "config": {
        "colsample_bylevel": 0.5924285336675056,
        "learning_rate": 0.08987773252482394,
        "max_depth": 7,
        "min_data_in_leaf": 18,
        "n_estimators": 1661,
        "subsample": 0.9668954203195427
    }
}