{
    "dataset": "California Housing",
    "model": "catboost",
    "seed": 54,
    "metrics": {
        "rmse": 0.449396676111391,
        "train_time": 7.574647903442383,
        "inference_time": 0.027852773666381836
    },
    "config": {
        "colsample_bylevel": 0.5924285336675056,
        "learning_rate": 0.08987773252482394,
        "max_depth": 7,
        "min_data_in_leaf": 18,
        "n_estimators": 1661,
        "subsample": 0.9668954203195427
    }
}