{
    "dataset": "California Housing",
    "model": "xgboost",
    "seed": 54,
    "metrics": {
        "rmse": 0.4518683954482036,
        "train_time": 6.3549089431762695,
        "inference_time": 0.07215261459350586
    },
    "config": {
        "colsample_bytree": 0.7194187596868296,
        "gamma": 8.401409254080622e-07,
        "learning_rate": 0.031117137003535814,
        "max_depth": 6,
        "min_child_weight": 3,
        "n_estimators": 1994,
        "subsample": 0.8372635729119174
    }
}