{
    "dataset": "California Housing",
    "model": "catboost",
    "seed": 48,
    "metrics": {
        "rmse": 0.4417013108365843,
        "train_time": 11.545862674713135,
        "inference_time": 0.01741504669189453
    },
    "config": {
        "colsample_bylevel": 0.5924285336675056,
        "learning_rate": 0.08987773252482394,
        "max_depth": 7,
        "min_data_in_leaf": 18,
        "n_estimators": 1661,
        "subsample": 0.9668954203195427
    }
}