{
    "dataset": "California Housing",
    "model": "catboost",
    "seed": 52,
    "metrics": {
        "rmse": 0.43687676580095985,
        "train_time": 12.048898696899414,
        "inference_time": 0.017475366592407227
    },
    "config": {
        "colsample_bylevel": 0.5924285336675056,
        "learning_rate": 0.08987773252482394,
        "max_depth": 7,
        "min_data_in_leaf": 18,
        "n_estimators": 1661,
        "subsample": 0.9668954203195427
    }
}