{
    "dataset": "California Housing",
    "model": "catboost",
    "seed": 45,
    "metrics": {
        "rmse": 0.4272729576421704,
        "train_time": 9.961918592453003,
        "inference_time": 0.018526792526245117
    },
    "config": {
        "colsample_bylevel": 0.5924285336675056,
        "learning_rate": 0.08987773252482394,
        "max_depth": 7,
        "min_data_in_leaf": 18,
        "n_estimators": 1661,
        "subsample": 0.9668954203195427
    }
}