{
    "dataset": "California Housing",
    "model": "catboost",
    "seed": 56,
    "metrics": {
        "rmse": 0.4329729201823393,
        "train_time": 10.85213303565979,
        "inference_time": 0.006643056869506836
    },
    "config": {
        "colsample_bylevel": 0.5924285336675056,
        "learning_rate": 0.08987773252482394,
        "max_depth": 7,
        "min_data_in_leaf": 18,
        "n_estimators": 1661,
        "subsample": 0.9668954203195427
    }
}