{
    "dataset": "Higgs small",
    "model": "xgboost",
    "seed": 56,
    "metrics": {
        "acc": 0.7396226415094339,
        "auprc": 0.8366578640827407,
        "auroc": 0.8217023218777657,
        "train_time": 39.16320323944092,
        "inference_time": 0.06543922424316406
    },
    "config": {
        "colsample_bytree": 0.5738662566147347,
        "gamma": 3.549007545581961e-05,
        "learning_rate": 0.017337912499797985,
        "max_depth": 8,
        "min_child_weight": 8,
        "n_estimators": 1668,
        "subsample": 0.7705440158582972
    }
}