{
    "dataset": "Higgs small",
    "model": "xgboost",
    "seed": 44,
    "metrics": {
        "acc": 0.7276899541050484,
        "auprc": 0.8289292947196605,
        "auroc": 0.815487569786194,
        "train_time": 15.381589412689209,
        "inference_time": 0.0913691520690918
    },
    "config": {
        "colsample_bytree": 0.5738662566147347,
        "gamma": 3.549007545581961e-05,
        "learning_rate": 0.017337912499797985,
        "max_depth": 8,
        "min_child_weight": 8,
        "n_estimators": 1668,
        "subsample": 0.7705440158582972
    }
}