{
    "dataset": "Higgs small",
    "model": "catboost",
    "seed": 49,
    "metrics": {
        "acc": 0.7313615502294748,
        "auprc": 0.8277183793120828,
        "auroc": 0.8128254821073596,
        "train_time": 104.9444808959961,
        "inference_time": 0.03777956962585449
    },
    "config": {
        "colsample_bylevel": 0.8269088375593031,
        "learning_rate": 0.03101300902825811,
        "max_depth": 10,
        "min_data_in_leaf": 39,
        "n_estimators": 1106,
        "subsample": 0.7907251929750365
    }
}