{
    "dataset": "Higgs small",
    "model": "xgboost",
    "seed": 51,
    "metrics": {
        "acc": 0.7323814380418154,
        "auprc": 0.8283414739913233,
        "auroc": 0.8116153454865854,
        "train_time": 19.89974069595337,
        "inference_time": 0.11893820762634277
    },
    "config": {
        "colsample_bytree": 0.5738662566147347,
        "gamma": 3.549007545581961e-05,
        "learning_rate": 0.017337912499797985,
        "max_depth": 8,
        "min_child_weight": 8,
        "n_estimators": 1668,
        "subsample": 0.7705440158582972
    }
}