{
    "dataset": "Higgs small",
    "model": "catboost",
    "seed": 47,
    "metrics": {
        "acc": 0.7246302906680265,
        "auprc": 0.8221385819013348,
        "auroc": 0.8065256587533696,
        "train_time": 104.26191711425781,
        "inference_time": 0.03624916076660156
    },
    "config": {
        "colsample_bylevel": 0.8269088375593031,
        "learning_rate": 0.03101300902825811,
        "max_depth": 10,
        "min_data_in_leaf": 39,
        "n_estimators": 1106,
        "subsample": 0.7907251929750365
    }
}