{
    "dataset": "Higgs small",
    "model": "xgboost",
    "seed": 53,
    "metrics": {
        "acc": 0.7288118306986231,
        "auprc": 0.8203914709507378,
        "auroc": 0.8064570966589034,
        "train_time": 26.91640305519104,
        "inference_time": 0.07743000984191895
    },
    "config": {
        "colsample_bytree": 0.5738662566147347,
        "gamma": 3.549007545581961e-05,
        "learning_rate": 0.017337912499797985,
        "max_depth": 8,
        "min_child_weight": 8,
        "n_estimators": 1668,
        "subsample": 0.7705440158582972
    }
}