{
    "dataset": "Higgs small",
    "model": "catboost",
    "seed": 55,
    "metrics": {
        "acc": 0.7304436511983682,
        "auprc": 0.8235403149196328,
        "auroc": 0.8106433082185267,
        "train_time": 79.23578977584839,
        "inference_time": 0.024590253829956055
    },
    "config": {
        "colsample_bylevel": 0.8269088375593031,
        "learning_rate": 0.03101300902825811,
        "max_depth": 10,
        "min_data_in_leaf": 39,
        "n_estimators": 1106,
        "subsample": 0.7907251929750365
    }
}