{
    "dataset": "Higgs small",
    "model": "xgboost",
    "seed": 47,
    "metrics": {
        "acc": 0.7249362570117287,
        "auprc": 0.8247795594642754,
        "auroc": 0.8076417494692231,
        "train_time": 19.617594957351685,
        "inference_time": 0.07362771034240723
    },
    "config": {
        "colsample_bytree": 0.5738662566147347,
        "gamma": 3.549007545581961e-05,
        "learning_rate": 0.017337912499797985,
        "max_depth": 8,
        "min_child_weight": 8,
        "n_estimators": 1668,
        "subsample": 0.7705440158582972
    }
}