{
    "dataset": "Higgs small",
    "model": "catboost",
    "seed": 51,
    "metrics": {
        "acc": 0.7303416624171342,
        "auprc": 0.8279778848620503,
        "auroc": 0.810799174800406,
        "train_time": 104.793527841568,
        "inference_time": 0.049688100814819336
    },
    "config": {
        "colsample_bylevel": 0.8269088375593031,
        "learning_rate": 0.03101300902825811,
        "max_depth": 10,
        "min_data_in_leaf": 39,
        "n_estimators": 1106,
        "subsample": 0.7907251929750365
    }
}