{
    "dataset": "Higgs small",
    "model": "xgboost",
    "seed": 52,
    "metrics": {
        "acc": 0.7356450790413055,
        "auprc": 0.8256746956074195,
        "auroc": 0.8143351630750981,
        "train_time": 17.193787097930908,
        "inference_time": 0.10797786712646484
    },
    "config": {
        "colsample_bytree": 0.5738662566147347,
        "gamma": 3.549007545581961e-05,
        "learning_rate": 0.017337912499797985,
        "max_depth": 8,
        "min_child_weight": 8,
        "n_estimators": 1668,
        "subsample": 0.7705440158582972
    }
}