{
    "dataset": "Higgs small",
    "model": "xgboost",
    "seed": 46,
    "metrics": {
        "acc": 0.7342172361040286,
        "auprc": 0.8292010950998709,
        "auroc": 0.8158900511955351,
        "train_time": 21.834619283676147,
        "inference_time": 0.13360142707824707
    },
    "config": {
        "colsample_bytree": 0.5738662566147347,
        "gamma": 3.549007545581961e-05,
        "learning_rate": 0.017337912499797985,
        "max_depth": 8,
        "min_child_weight": 8,
        "n_estimators": 1668,
        "subsample": 0.7705440158582972
    }
}