{
    "dataset": "Higgs small",
    "model": "catboost",
    "seed": 44,
    "metrics": {
        "acc": 0.7322794492605813,
        "auprc": 0.826678860872624,
        "auroc": 0.8121806853504531,
        "train_time": 91.04812502861023,
        "inference_time": 0.033782243728637695
    },
    "config": {
        "colsample_bylevel": 0.8269088375593031,
        "learning_rate": 0.03101300902825811,
        "max_depth": 10,
        "min_data_in_leaf": 39,
        "n_estimators": 1106,
        "subsample": 0.7907251929750365
    }
}