{
    "dataset": "Higgs small",
    "model": "xgboost",
    "seed": 57,
    "metrics": {
        "acc": 0.7214686384497705,
        "auprc": 0.8230794528540837,
        "auroc": 0.8069307281991532,
        "train_time": 43.848795890808105,
        "inference_time": 0.1474766731262207
    },
    "config": {
        "colsample_bytree": 0.5738662566147347,
        "gamma": 3.549007545581961e-05,
        "learning_rate": 0.017337912499797985,
        "max_depth": 8,
        "min_child_weight": 8,
        "n_estimators": 1668,
        "subsample": 0.7705440158582972
    }
}