{
    "dataset": "Higgs small",
    "model": "xgboost",
    "seed": 54,
    "metrics": {
        "acc": 0.7290158082610912,
        "auprc": 0.831167084165825,
        "auroc": 0.8132247284711475,
        "train_time": 18.135901927947998,
        "inference_time": 0.10678648948669434
    },
    "config": {
        "colsample_bytree": 0.5738662566147347,
        "gamma": 3.549007545581961e-05,
        "learning_rate": 0.017337912499797985,
        "max_depth": 8,
        "min_child_weight": 8,
        "n_estimators": 1668,
        "subsample": 0.7705440158582972
    }
}