{
    "dataset": "Higgs small",
    "model": "xgboost",
    "seed": 55,
    "metrics": {
        "acc": 0.7329933707292198,
        "auprc": 0.8249965665337974,
        "auroc": 0.8112061017884751,
        "train_time": 11.140423774719238,
        "inference_time": 0.06571555137634277
    },
    "config": {
        "colsample_bytree": 0.5738662566147347,
        "gamma": 3.549007545581961e-05,
        "learning_rate": 0.017337912499797985,
        "max_depth": 8,
        "min_child_weight": 8,
        "n_estimators": 1668,
        "subsample": 0.7705440158582972
    }
}