{
    "dataset": "Higgs small",
    "model": "catboost",
    "seed": 46,
    "metrics": {
        "acc": 0.7318714941356451,
        "auprc": 0.8259011416891868,
        "auroc": 0.8131409303556889,
        "train_time": 98.26187825202942,
        "inference_time": 0.034711360931396484
    },
    "config": {
        "colsample_bylevel": 0.8269088375593031,
        "learning_rate": 0.03101300902825811,
        "max_depth": 10,
        "min_data_in_leaf": 39,
        "n_estimators": 1106,
        "subsample": 0.7907251929750365
    }
}