{
    "dataset": "MIMIC-III Mortality",
    "model": "catboost",
    "seed": 44,
    "metrics": {
        "acc": 0.9094897627559311,
        "auprc": 0.5216987526865111,
        "auroc": 0.8636831968510053,
        "train_time": 38.783286333084106,
        "inference_time": 0.030075550079345703
    },
    "config": {
        "colsample_bylevel": 0.5587425933964704,
        "learning_rate": 0.01731840083958504,
        "max_depth": 8,
        "min_data_in_leaf": 38,
        "n_estimators": 1660,
        "subsample": 0.7866569858010403
    }
}