{
    "dataset": "MIMIC-III Mortality",
    "model": "catboost",
    "seed": 53,
    "metrics": {
        "acc": 0.9127396815079623,
        "auprc": 0.5478253182304859,
        "auroc": 0.8627938790478212,
        "train_time": 22.085357189178467,
        "inference_time": 0.0067713260650634766
    },
    "config": {
        "colsample_bylevel": 0.5587425933964704,
        "learning_rate": 0.01731840083958504,
        "max_depth": 8,
        "min_data_in_leaf": 38,
        "n_estimators": 1660,
        "subsample": 0.7866569858010403
    }
}