{
    "dataset": "MIMIC-IV Mortality",
    "model": "catboost",
    "seed": 51,
    "metrics": {
        "acc": 0.907897522760957,
        "auprc": 0.6005970148262347,
        "auroc": 0.8716324684074023,
        "train_time": 14.506568431854248,
        "inference_time": 0.012891530990600586
    },
    "config": {
        "colsample_bylevel": 0.7002877867465094,
        "learning_rate": 0.03935011369343337,
        "max_depth": 7,
        "min_data_in_leaf": 49,
        "n_estimators": 1801,
        "subsample": 0.8017168000637347
    }
}