{
    "dataset": "MIMIC-IV Mortality",
    "model": "xgboost",
    "seed": 52,
    "metrics": {
        "acc": 0.9068388735972899,
        "auprc": 0.5903109641587666,
        "auroc": 0.8732360965272392,
        "train_time": 3.2205796241760254,
        "inference_time": 0.04434943199157715
    },
    "config": {
        "colsample_bytree": 0.5581295202029642,
        "gamma": 0.043896817167112474,
        "learning_rate": 0.013384097664704138,
        "max_depth": 9,
        "min_child_weight": 7,
        "n_estimators": 882,
        "subsample": 0.5790329753286911
    }
}