{
    "dataset": "MIMIC-IV Mortality",
    "model": "xgboost",
    "seed": 53,
    "metrics": {
        "acc": 0.9067330086809231,
        "auprc": 0.5796398662147335,
        "auroc": 0.8662172154413477,
        "train_time": 3.1033413410186768,
        "inference_time": 0.044703006744384766
    },
    "config": {
        "colsample_bytree": 0.5581295202029642,
        "gamma": 0.043896817167112474,
        "learning_rate": 0.013384097664704138,
        "max_depth": 9,
        "min_child_weight": 7,
        "n_estimators": 882,
        "subsample": 0.5790329753286911
    }
}