{
    "dataset": "MIMIC-III Mortality",
    "model": "catboost",
    "seed": 52,
    "metrics": {
        "acc": 0.9109522261943451,
        "auprc": 0.5423954489209964,
        "auroc": 0.861285839521239,
        "train_time": 21.88403058052063,
        "inference_time": 0.011835336685180664
    },
    "config": {
        "colsample_bylevel": 0.5587425933964704,
        "learning_rate": 0.01731840083958504,
        "max_depth": 8,
        "min_data_in_leaf": 38,
        "n_estimators": 1660,
        "subsample": 0.7866569858010403
    }
}