{
    "dataset": "MIMIC-IV Mortality",
    "model": "xgboost",
    "seed": 46,
    "metrics": {
        "acc": 0.9063095490154562,
        "auprc": 0.587491280999157,
        "auroc": 0.8655494522677605,
        "train_time": 2.339895725250244,
        "inference_time": 0.028559446334838867
    },
    "config": {
        "colsample_bytree": 0.5581295202029642,
        "gamma": 0.043896817167112474,
        "learning_rate": 0.013384097664704138,
        "max_depth": 9,
        "min_child_weight": 7,
        "n_estimators": 882,
        "subsample": 0.5790329753286911
    }
}