{
    "dataset": "MIMIC-IV Mortality",
    "model": "xgboost",
    "seed": 54,
    "metrics": {
        "acc": 0.903451196273555,
        "auprc": 0.5819762592749711,
        "auroc": 0.8698717320127191,
        "train_time": 2.8448734283447266,
        "inference_time": 0.06691336631774902
    },
    "config": {
        "colsample_bytree": 0.5581295202029642,
        "gamma": 0.043896817167112474,
        "learning_rate": 0.013384097664704138,
        "max_depth": 9,
        "min_child_weight": 7,
        "n_estimators": 882,
        "subsample": 0.5790329753286911
    }
}