{
    "dataset": "MIMIC-III Mortality",
    "model": "catboost",
    "seed": 48,
    "metrics": {
        "acc": 0.9112772180695483,
        "auprc": 0.538258210562286,
        "auroc": 0.8686475676786272,
        "train_time": 29.899498224258423,
        "inference_time": 0.03612256050109863
    },
    "config": {
        "colsample_bylevel": 0.5587425933964704,
        "learning_rate": 0.01731840083958504,
        "max_depth": 8,
        "min_data_in_leaf": 38,
        "n_estimators": 1660,
        "subsample": 0.7866569858010403
    }
}