{
    "dataset": "MIMIC-IV Mortality",
    "model": "xgboost",
    "seed": 47,
    "metrics": {
        "acc": 0.9076857929282236,
        "auprc": 0.5853894665963412,
        "auroc": 0.8657686299723788,
        "train_time": 2.39082670211792,
        "inference_time": 0.032614707946777344
    },
    "config": {
        "colsample_bytree": 0.5581295202029642,
        "gamma": 0.043896817167112474,
        "learning_rate": 0.013384097664704138,
        "max_depth": 9,
        "min_child_weight": 7,
        "n_estimators": 882,
        "subsample": 0.5790329753286911
    }
}