{
    "dataset": "MIMIC-IV Mortality",
    "model": "catboost",
    "seed": 50,
    "metrics": {
        "acc": 0.9048274401863222,
        "auprc": 0.57479628108285,
        "auroc": 0.8680090130536623,
        "train_time": 18.40172553062439,
        "inference_time": 0.010382890701293945
    },
    "config": {
        "colsample_bylevel": 0.7002877867465094,
        "learning_rate": 0.03935011369343337,
        "max_depth": 7,
        "min_data_in_leaf": 49,
        "n_estimators": 1801,
        "subsample": 0.8017168000637347
    }
}