{
    "dataset": "MIMIC-III Mortality",
    "model": "catboost",
    "seed": 47,
    "metrics": {
        "acc": 0.9060773480662984,
        "auprc": 0.5004768542400063,
        "auroc": 0.858035106157665,
        "train_time": 25.952337741851807,
        "inference_time": 0.022479534149169922
    },
    "config": {
        "colsample_bylevel": 0.5587425933964704,
        "learning_rate": 0.01731840083958504,
        "max_depth": 8,
        "min_data_in_leaf": 38,
        "n_estimators": 1660,
        "subsample": 0.7866569858010403
    }
}