{
    "dataset": "MIMIC-IV Mortality",
    "model": "catboost",
    "seed": 49,
    "metrics": {
        "acc": 0.9038746559390218,
        "auprc": 0.5677809678727732,
        "auroc": 0.8661372301556718,
        "train_time": 13.986457347869873,
        "inference_time": 0.008753776550292969
    },
    "config": {
        "colsample_bylevel": 0.7002877867465094,
        "learning_rate": 0.03935011369343337,
        "max_depth": 7,
        "min_data_in_leaf": 49,
        "n_estimators": 1801,
        "subsample": 0.8017168000637347
    }
}