{
    "dataset": "MIMIC-IV Mortality",
    "model": "xgboost",
    "seed": 43,
    "metrics": {
        "acc": 0.9051450349354224,
        "auprc": 0.5969705780771334,
        "auroc": 0.8780715754344992,
        "train_time": 3.327458381652832,
        "inference_time": 0.03302001953125
    },
    "config": {
        "colsample_bytree": 0.5581295202029642,
        "gamma": 0.043896817167112474,
        "learning_rate": 0.013384097664704138,
        "max_depth": 9,
        "min_child_weight": 7,
        "n_estimators": 882,
        "subsample": 0.5790329753286911
    }
}