{
    "dataset": "MIMIC-IV Mortality",
    "model": "catboost",
    "seed": 46,
    "metrics": {
        "acc": 0.9054626296845225,
        "auprc": 0.581767572107532,
        "auroc": 0.8633917047466947,
        "train_time": 14.094637155532837,
        "inference_time": 0.010410785675048828
    },
    "config": {
        "colsample_bylevel": 0.7002877867465094,
        "learning_rate": 0.03935011369343337,
        "max_depth": 7,
        "min_data_in_leaf": 49,
        "n_estimators": 1801,
        "subsample": 0.8017168000637347
    }
}