{
    "dataset": "MIMIC-III Mortality",
    "model": "catboost",
    "seed": 51,
    "metrics": {
        "acc": 0.9109522261943451,
        "auprc": 0.5227735174441195,
        "auroc": 0.8505106072286197,
        "train_time": 21.868388891220093,
        "inference_time": 0.009489059448242188
    },
    "config": {
        "colsample_bylevel": 0.5587425933964704,
        "learning_rate": 0.01731840083958504,
        "max_depth": 8,
        "min_data_in_leaf": 38,
        "n_estimators": 1660,
        "subsample": 0.7866569858010403
    }
}