{
    "dataset": "MIMIC-IV Mortality",
    "model": "xgboost",
    "seed": 57,
    "metrics": {
        "acc": 0.9033453313571882,
        "auprc": 0.5556310759213213,
        "auroc": 0.8610579789960443,
        "train_time": 3.6276683807373047,
        "inference_time": 0.04225754737854004
    },
    "config": {
        "colsample_bytree": 0.5581295202029642,
        "gamma": 0.043896817167112474,
        "learning_rate": 0.013384097664704138,
        "max_depth": 9,
        "min_child_weight": 7,
        "n_estimators": 882,
        "subsample": 0.5790329753286911
    }
}