{
    "dataset": "MIMIC-IV Mortality",
    "model": "xgboost",
    "seed": 45,
    "metrics": {
        "acc": 0.9036629261062884,
        "auprc": 0.5742341667976296,
        "auroc": 0.8691857349502836,
        "train_time": 2.5089776515960693,
        "inference_time": 0.030915498733520508
    },
    "config": {
        "colsample_bytree": 0.5581295202029642,
        "gamma": 0.043896817167112474,
        "learning_rate": 0.013384097664704138,
        "max_depth": 9,
        "min_child_weight": 7,
        "n_estimators": 882,
        "subsample": 0.5790329753286911
    }
}