{
    "dataset": "MIMIC-III Mortality",
    "model": "catboost",
    "seed": 43,
    "metrics": {
        "acc": 0.9068898277543062,
        "auprc": 0.4944102102230808,
        "auroc": 0.8448227189439013,
        "train_time": 37.93967938423157,
        "inference_time": 0.021677494049072266
    },
    "config": {
        "colsample_bylevel": 0.5587425933964704,
        "learning_rate": 0.01731840083958504,
        "max_depth": 8,
        "min_data_in_leaf": 38,
        "n_estimators": 1660,
        "subsample": 0.7866569858010403
    }
}