{
    "dataset": "MIMIC-III Mortality",
    "model": "catboost",
    "seed": 56,
    "metrics": {
        "acc": 0.9109522261943451,
        "auprc": 0.532654071008255,
        "auroc": 0.8643604444440771,
        "train_time": 22.357555866241455,
        "inference_time": 0.007364749908447266
    },
    "config": {
        "colsample_bylevel": 0.5587425933964704,
        "learning_rate": 0.01731840083958504,
        "max_depth": 8,
        "min_data_in_leaf": 38,
        "n_estimators": 1660,
        "subsample": 0.7866569858010403
    }
}