{
    "dataset": "MIMIC-III Mortality",
    "model": "catboost",
    "seed": 54,
    "metrics": {
        "acc": 0.9101397465063373,
        "auprc": 0.5171847073774496,
        "auroc": 0.8541858941362036,
        "train_time": 19.411211252212524,
        "inference_time": 0.007597923278808594
    },
    "config": {
        "colsample_bylevel": 0.5587425933964704,
        "learning_rate": 0.01731840083958504,
        "max_depth": 8,
        "min_data_in_leaf": 38,
        "n_estimators": 1660,
        "subsample": 0.7866569858010403
    }
}