{
    "dataset": "MIMIC-III Mortality",
    "model": "xgboost",
    "seed": 45,
    "metrics": {
        "acc": 0.910627234319142,
        "auprc": 0.5426763547085127,
        "auroc": 0.871751366682338,
        "train_time": 1.4708752632141113,
        "inference_time": 0.016130924224853516
    },
    "config": {
        "colsample_bytree": 0.7841243894199137,
        "gamma": 8.35550947274955e-05,
        "learning_rate": 0.019732618598476494,
        "max_depth": 8,
        "min_child_weight": 7,
        "n_estimators": 1209,
        "subsample": 0.6344502111069136
    }
}