{
    "dataset": "MIMIC-III Mortality",
    "model": "catboost",
    "seed": 50,
    "metrics": {
        "acc": 0.9098147546311343,
        "auprc": 0.5230183774734859,
        "auroc": 0.8625831859169958,
        "train_time": 20.675971508026123,
        "inference_time": 0.009546041488647461
    },
    "config": {
        "colsample_bylevel": 0.5587425933964704,
        "learning_rate": 0.01731840083958504,
        "max_depth": 8,
        "min_data_in_leaf": 38,
        "n_estimators": 1660,
        "subsample": 0.7866569858010403
    }
}