{
    "dataset": "MIMIC-III Mortality",
    "model": "xgboost",
    "seed": 55,
    "metrics": {
        "acc": 0.9129021774455639,
        "auprc": 0.5607269817822159,
        "auroc": 0.8735213266892012,
        "train_time": 4.973778486251831,
        "inference_time": 0.06110787391662598
    },
    "config": {
        "colsample_bytree": 0.7841243894199137,
        "gamma": 8.35550947274955e-05,
        "learning_rate": 0.019732618598476494,
        "max_depth": 8,
        "min_child_weight": 7,
        "n_estimators": 1209,
        "subsample": 0.6344502111069136
    }
}