{
    "dataset": "MIMIC-IV Mortality",
    "model": "xgboost",
    "seed": 49,
    "metrics": {
        "acc": 0.9050391700190556,
        "auprc": 0.5730179801171199,
        "auroc": 0.867470848305176,
        "train_time": 3.0770087242126465,
        "inference_time": 0.04117321968078613
    },
    "config": {
        "colsample_bytree": 0.5581295202029642,
        "gamma": 0.043896817167112474,
        "learning_rate": 0.013384097664704138,
        "max_depth": 9,
        "min_child_weight": 7,
        "n_estimators": 882,
        "subsample": 0.5790329753286911
    }
}