{
    "dataset": "MIMIC-III Mortality",
    "model": "catboost",
    "seed": 45,
    "metrics": {
        "acc": 0.9107897302567436,
        "auprc": 0.5378517354632152,
        "auroc": 0.8713839619287151,
        "train_time": 29.482213258743286,
        "inference_time": 0.02661275863647461
    },
    "config": {
        "colsample_bylevel": 0.5587425933964704,
        "learning_rate": 0.01731840083958504,
        "max_depth": 8,
        "min_data_in_leaf": 38,
        "n_estimators": 1660,
        "subsample": 0.7866569858010403
    }
}