{
    "dataset": "MIMIC-III Mortality",
    "model": "xgboost",
    "seed": 49,
    "metrics": {
        "acc": 0.9062398440038999,
        "auprc": 0.5107278969271808,
        "auroc": 0.8627003753642719,
        "train_time": 1.7308168411254883,
        "inference_time": 0.018387556076049805
    },
    "config": {
        "colsample_bytree": 0.7841243894199137,
        "gamma": 8.35550947274955e-05,
        "learning_rate": 0.019732618598476494,
        "max_depth": 8,
        "min_child_weight": 7,
        "n_estimators": 1209,
        "subsample": 0.6344502111069136
    }
}