{
    "dataset": "MIMIC-IV Mortality",
    "model": "xgboost",
    "seed": 44,
    "metrics": {
        "acc": 0.9063095490154562,
        "auprc": 0.5925641314628132,
        "auroc": 0.8763213871324931,
        "train_time": 2.7541439533233643,
        "inference_time": 0.03759479522705078
    },
    "config": {
        "colsample_bytree": 0.5581295202029642,
        "gamma": 0.043896817167112474,
        "learning_rate": 0.013384097664704138,
        "max_depth": 9,
        "min_child_weight": 7,
        "n_estimators": 882,
        "subsample": 0.5790329753286911
    }
}