{
    "dataset": "MIMIC-IV Mortality",
    "model": "xgboost",
    "seed": 48,
    "metrics": {
        "acc": 0.9004869786152869,
        "auprc": 0.5518716014487439,
        "auroc": 0.8615165825027815,
        "train_time": 3.302781820297241,
        "inference_time": 0.04107975959777832
    },
    "config": {
        "colsample_bytree": 0.5581295202029642,
        "gamma": 0.043896817167112474,
        "learning_rate": 0.013384097664704138,
        "max_depth": 9,
        "min_child_weight": 7,
        "n_estimators": 882,
        "subsample": 0.5790329753286911
    }
}