{
    "dataset": "MIMIC-IV Mortality",
    "model": "xgboost",
    "seed": 51,
    "metrics": {
        "acc": 0.908638577175524,
        "auprc": 0.6031659689896764,
        "auroc": 0.8738103580149869,
        "train_time": 2.5075247287750244,
        "inference_time": 0.03295302391052246
    },
    "config": {
        "colsample_bytree": 0.5581295202029642,
        "gamma": 0.043896817167112474,
        "learning_rate": 0.013384097664704138,
        "max_depth": 9,
        "min_child_weight": 7,
        "n_estimators": 882,
        "subsample": 0.5790329753286911
    }
}