{
    "dataset": "MIMIC-IV Mortality",
    "model": "xgboost",
    "seed": 55,
    "metrics": {
        "acc": 0.9076857929282236,
        "auprc": 0.5964417296882042,
        "auroc": 0.8773597116925343,
        "train_time": 3.6160998344421387,
        "inference_time": 0.05102396011352539
    },
    "config": {
        "colsample_bytree": 0.5581295202029642,
        "gamma": 0.043896817167112474,
        "learning_rate": 0.013384097664704138,
        "max_depth": 9,
        "min_child_weight": 7,
        "n_estimators": 882,
        "subsample": 0.5790329753286911
    }
}