{
    "dataset": "MIMIC-III Mortality",
    "model": "xgboost",
    "seed": 51,
    "metrics": {
        "acc": 0.9107897302567436,
        "auprc": 0.5208987891274287,
        "auroc": 0.8481091186609941,
        "train_time": 1.8880054950714111,
        "inference_time": 0.018563508987426758
    },
    "config": {
        "colsample_bytree": 0.7841243894199137,
        "gamma": 8.35550947274955e-05,
        "learning_rate": 0.019732618598476494,
        "max_depth": 8,
        "min_child_weight": 7,
        "n_estimators": 1209,
        "subsample": 0.6344502111069136
    }
}