{
    "dataset": "NHANES",
    "model": "catboost",
    "seed": 43,
    "metrics": {
        "acc": 0.8388227049754731,
        "auprc": 0.8138651694005324,
        "auroc": 0.8959904591850333,
        "train_time": 6.9175989627838135,
        "inference_time": 0.019998788833618164
    },
    "config": {
        "colsample_bylevel": 0.5397318752170392,
        "learning_rate": 0.018243005388339208,
        "max_depth": 6,
        "min_data_in_leaf": 32,
        "n_estimators": 1375,
        "subsample": 0.6542573820200335
    }
}