{
    "dataset": "NHANES",
    "model": "xgboost",
    "seed": 51,
    "metrics": {
        "acc": 0.8023826208829713,
        "auprc": 0.7728181785633048,
        "auroc": 0.8648029208751964,
        "train_time": 1.9551749229431152,
        "inference_time": 0.013648748397827148
    },
    "config": {
        "colsample_bytree": 0.739754053243769,
        "gamma": 0.0013154848879493618,
        "learning_rate": 0.07871135773667554,
        "max_depth": 3,
        "min_child_weight": 6,
        "n_estimators": 1067,
        "subsample": 0.7583296001426227
    }
}