{
    "dataset": "NHANES",
    "model": "catboost",
    "seed": 52,
    "metrics": {
        "acc": 0.8079887876664331,
        "auprc": 0.7601634154169622,
        "auroc": 0.8597615684602333,
        "train_time": 8.641006469726562,
        "inference_time": 0.09469318389892578
    },
    "config": {
        "colsample_bylevel": 0.5397318752170392,
        "learning_rate": 0.018243005388339208,
        "max_depth": 6,
        "min_data_in_leaf": 32,
        "n_estimators": 1375,
        "subsample": 0.6542573820200335
    }
}