{
    "dataset": "NHANES",
    "model": "xgboost",
    "seed": 55,
    "metrics": {
        "acc": 0.8192011212333566,
        "auprc": 0.7774691808403686,
        "auroc": 0.8715454521226981,
        "train_time": 0.2703237533569336,
        "inference_time": 0.0408930778503418
    },
    "config": {
        "colsample_bytree": 0.739754053243769,
        "gamma": 0.0013154848879493618,
        "learning_rate": 0.07871135773667554,
        "max_depth": 3,
        "min_child_weight": 6,
        "n_estimators": 1067,
        "subsample": 0.7583296001426227
    }
}