{
    "dataset": "NHANES",
    "model": "catboost",
    "seed": 50,
    "metrics": {
        "acc": 0.849334267694464,
        "auprc": 0.8384632808704223,
        "auroc": 0.8993772708294469,
        "train_time": 7.182707786560059,
        "inference_time": 0.017659664154052734
    },
    "config": {
        "colsample_bylevel": 0.5397318752170392,
        "learning_rate": 0.018243005388339208,
        "max_depth": 6,
        "min_data_in_leaf": 32,
        "n_estimators": 1375,
        "subsample": 0.6542573820200335
    }
}