{
    "dataset": "NHANES",
    "model": "xgboost",
    "seed": 54,
    "metrics": {
        "acc": 0.8220042046250876,
        "auprc": 0.7923147288206138,
        "auroc": 0.8756607058781725,
        "train_time": 0.8602480888366699,
        "inference_time": 0.013577699661254883
    },
    "config": {
        "colsample_bytree": 0.739754053243769,
        "gamma": 0.0013154848879493618,
        "learning_rate": 0.07871135773667554,
        "max_depth": 3,
        "min_child_weight": 6,
        "n_estimators": 1067,
        "subsample": 0.7583296001426227
    }
}