{
    "dataset": "NHANES",
    "model": "catboost",
    "seed": 45,
    "metrics": {
        "acc": 0.8206026629292221,
        "auprc": 0.7972529696947368,
        "auroc": 0.8723382991765051,
        "train_time": 6.640319108963013,
        "inference_time": 0.020229101181030273
    },
    "config": {
        "colsample_bylevel": 0.5397318752170392,
        "learning_rate": 0.018243005388339208,
        "max_depth": 6,
        "min_data_in_leaf": 32,
        "n_estimators": 1375,
        "subsample": 0.6542573820200335
    }
}