{
    "dataset": "NHANES",
    "model": "catboost",
    "seed": 53,
    "metrics": {
        "acc": 0.8177995795374913,
        "auprc": 0.7861710276873185,
        "auroc": 0.8680431557533603,
        "train_time": 9.057531118392944,
        "inference_time": 0.0073699951171875
    },
    "config": {
        "colsample_bylevel": 0.5397318752170392,
        "learning_rate": 0.018243005388339208,
        "max_depth": 6,
        "min_data_in_leaf": 32,
        "n_estimators": 1375,
        "subsample": 0.6542573820200335
    }
}