{
    "dataset": "NHANES",
    "model": "catboost",
    "seed": 51,
    "metrics": {
        "acc": 0.8100911002102312,
        "auprc": 0.7762960983808846,
        "auroc": 0.8660954614503105,
        "train_time": 7.683362722396851,
        "inference_time": 0.009317159652709961
    },
    "config": {
        "colsample_bylevel": 0.5397318752170392,
        "learning_rate": 0.018243005388339208,
        "max_depth": 6,
        "min_data_in_leaf": 32,
        "n_estimators": 1375,
        "subsample": 0.6542573820200335
    }
}