{
    "dataset": "NHANES",
    "model": "catboost",
    "seed": 56,
    "metrics": {
        "acc": 0.8276103714085494,
        "auprc": 0.8004462094241084,
        "auroc": 0.8673102719221101,
        "train_time": 6.610181570053101,
        "inference_time": 0.007714748382568359
    },
    "config": {
        "colsample_bylevel": 0.5397318752170392,
        "learning_rate": 0.018243005388339208,
        "max_depth": 6,
        "min_data_in_leaf": 32,
        "n_estimators": 1375,
        "subsample": 0.6542573820200335
    }
}