{
    "dataset": "NHANES",
    "model": "catboost",
    "seed": 44,
    "metrics": {
        "acc": 0.815697266993693,
        "auprc": 0.7818268814275966,
        "auroc": 0.8648850926987002,
        "train_time": 10.890981674194336,
        "inference_time": 0.008594036102294922
    },
    "config": {
        "colsample_bylevel": 0.5397318752170392,
        "learning_rate": 0.018243005388339208,
        "max_depth": 6,
        "min_data_in_leaf": 32,
        "n_estimators": 1375,
        "subsample": 0.6542573820200335
    }
}