{
    "dataset": "NHANES",
    "model": "xgboost",
    "seed": 44,
    "metrics": {
        "acc": 0.8114926419060967,
        "auprc": 0.7834330430140918,
        "auroc": 0.8631239506436053,
        "train_time": 1.0179500579833984,
        "inference_time": 0.01345205307006836
    },
    "config": {
        "colsample_bytree": 0.739754053243769,
        "gamma": 0.0013154848879493618,
        "learning_rate": 0.07871135773667554,
        "max_depth": 3,
        "min_child_weight": 6,
        "n_estimators": 1067,
        "subsample": 0.7583296001426227
    }
}